<?xml version="1.0" encoding="UTF-8"?>
<project-private xmlns="http://www.netbeans.org/ns/project-private/1">
    <editor-bookmarks xmlns="http://www.netbeans.org/ns/editor-bookmarks/2" lastBookmarkId="0"/>
    <open-files xmlns="http://www.netbeans.org/ns/projectui-open-files/2">
        <group>
            <file>file:/C:/Users/adm/Desktop/esprit3a4/JAVA/HostGuestAnnonce/src/hostguestannonce/FXMLAnnonceController.java</file>
            <file>file:/C:/Users/adm/Desktop/esprit3a4/JAVA/HostGuestAnnonce/src/Services/CrudAnnonce.java</file>
            <file>file:/C:/Users/adm/Desktop/esprit3a4/JAVA/HostGuestAnnonce/src/Interface/InterfaceAnnonce.java</file>
            <file>file:/C:/Users/adm/Desktop/esprit3a4/JAVA/HostGuestAnnonce/src/PackageBD/ConnexionBD.java</file>
        </group>
    </open-files>
</project-private>
